"","publication.title","publication.journal","publication.doi"
"1","A cross-country analysis of climate shocks and smallholder food insecurity","Plos One","10.1371/journal.pone.0192928"
"2","An assessment of the impact of disaster risks on dairy supply chain performance in Zimbabwe","Cogent Engineering","10.1080/23311916.2017.1409389"
"3","An unforgettable event: a qualitative study of the 1997-98 El Nino in northern Peru","Disasters","10.1111/disa.12046"
"4","Are smallholder farmers better or worse off from an increase in the international price of cereals?","Food Policy","10.1016/j.foodpol.2018.07.006"
"5","Assessing the economic costs of a foot and mouth disease outbreak on Brittany: A dynamic computable general equilibrium analysis","Food Policy","10.1016/j.foodpol.2013.01.003"
"6","Assessing the evolving fragility of the global food system","Environmental Research Letters","10.1088/1748-9326/10/2/024007"
"7","Can Global Climate Change affect Prices in the World Banana Market?","German Journal of Agricultural Economics",NA
"8","Climate change/variability and food systems: evidence from the Afram Plains, Ghana","Regional Environmental Change","10.1007/s10113-011-0211-3"
"9","Climate variability and the volatility of global maize and soybean prices","Food Security","10.1007/s12571-017-0702-2"
"10","Complex resource supply chains display higher resilience to simulated climate shocks","Global Environmental Change-Human and Policy Dimensions","10.1016/j.gloenvcha.2017.08.011"
"11","Decreases in global beer supply due to extreme drought and heat","Nature Plants","10.1038/s41477-018-0263-1"
"12","Dirty droughts causing loss and damage in Northern Burkina Faso","International Journal of Global Warming","10.1504/IJGW.2013.057288"
"13","Does agricultural trade liberalization increase risks of supply-side uncertainty?: Effects of productivity shocks and export restrictions on welfare and food supply in Japan","Food Policy","10.1016/j.foodpol.2011.01.002"
"14","Duration dependence and dynamic conditional covariance of seasonal food price shocks in semi-arid African countries","Food Security","10.1007/s12571-012-0179-y"
"15","Dynamic Effects of Drought on the U.S. Beef Supply Chain","Agricultural and Resource Economics Review","10.1017/age.2016.4"
"16","Dynamics of the Global Wheat Trade Network and Resilience to Shocks","Scientific Reports","10.1038/s41598-017-07202-y"
"17","Economy-wide impact of drought induced productivity losses","Disaster Prevention and Management","10.1108/DPM-05-2018-0155"
"18","Effects of drought on child health in Marsabit District, Northern Kenya","Economics & Human Biology","10.1016/j.ehb.2016.10.010"
"19","Effects of the 2008 flood on economic performance and food security in Yemen: a simulation analysis","Disasters","10.1111/disa.12147"
"20","El Nino Southern Oscillation and the fishmeal-soya bean meal price ratio: regime-dependent dynamics revisited","European Review of Agricultural Economics","10.1093/erae/jbt033"
"21","Evacuation after the Great East Japan Earthquake was associated with poor dietary intake: The Fukushima Health Management Survey","Journal of Epidemiology","10.1016/j.je.2016.08.002"
"22","Extreme weather and economic well-being in rural Mozambique","Natural Hazards","10.1007/s11069-011-0064-6"
"23","Extreme weather, food security and the capacity to adapt - the case of crops in China","Food Security","10.1007/s12571-015-0420-6"
"24","Family Food Security with The Nutritional Status of Toddlers After The Eruption of Mount Bromo","Proceedings of the Health Science International Conference (Hsic 2017)",NA
"25","Food Access and Shocks in Rural Households: Evidence from Bangladesh and Ethiopia","Social Indicators Research","10.1007/s11205-015-1118-z"
"26","Food Guide Pagoda and the food safety of women: one-year follow-up study on the effects of the 2008 Sichuan Earthquake","Asia Pacific Journal of Clinical Nutrition","10.6133/apjcn.092017.08"
"27","Food production shocks across land and sea","Nature Sustainability","10.1038/s41893-018-0210-1"
"28","Food security and climate change from a systems perspective: community case studies from Honduras","Climate and Development","10.1080/17565529.2018.1447901"
"29","Food system consequences of a fungal disease epidemic in a major crop","Philosophical Transactions of the Royal Society b-Biological Sciences","10.1098/rstb.2015.0467"
"30","Gastrointestinal Symptoms and Food/Nutrition Concerns after the Great East Japan Earthquake in March 2011: Survey of Evacuees in a Temporary Shelter","Prehospital and Disaster Medicine","10.1017/S1049023X14000533"
"31","Global effects of local food-production crises: a virtual water perspective","Scientific Reports","10.1038/srep18803"
"32","Global market shocks and poverty in Vietnam: the case of rice","Agricultural Economics","10.1111/j.1574-0862.2012.00604.x"
"33","Gone with the Storm: Rainfall Shocks and Household Wellbeing in Guatemala","Journal of Development Studies","10.1080/00220388.2016.1224853"
"34","Harvest failures, temporary export restrictions and global food security: the example of limited grain exports from Russia, Ukraine and Kazakhstan","Food Security","10.1007/s12571-014-0372-2"
"35","Hazards to food caloric availability and coverage per capita due to climate change in the Puno region, Peruvian Altiplano: Challenges in food security and sovereignty","Food and Energy Security","10.1002/fes3.134"
"36","Household capacities, vulnerabilities and food insecurity: Shifts in food insecurity in urban and rural Ethiopia during the 2008 food crisis","Social Science & Medicine","10.1016/j.socscimed.2011.09.004"
"37","Household vulnerability to food price increases: the 2008 crisis in urban Southern Africa","Geographical Research","10.1111/1745-5871.12222"
"38","Impacts of climate change on food security and agriculture sector in Malaysia","Environment Development and Sustainability","10.1007/s10668-017-9954-4"
"39","Impacts of climate variability and food price volatility on household income and food security of farm households in East and West Africa","Agricultural Systems","10.1016/j.agsy.2017.02.006"
"40","IMPACTS OF FLOOD ON LIVELIHOODS AND FOOD SECURITY OF RURAL COMMUNITIES: A CASE STUDY OF SOUTHERN PUNJAB, PAKISTAN","Pakistan Journal of Agricultural Sciences",NA
"41","Investigating the sensitivity of household food security to agriculture-related shocks and the implication of social and natural capital","Sustainability Science","10.1007/s11625-015-0332-6"
"42","Local Food Prices and International Price Transmission","World Development","10.1016/j.worlddev.2017.03.008"
"43","Local impacts of a global crisis: Food price transmission, consumer welfare and poverty in Ghana","Food Policy","10.1016/j.foodpol.2010.01.004"
"44","Loss and damage from the double blow of flood and drought in Mozambique","International Journal of Global Warming","10.1504/IJGW.2013.057291"
"45","Market Integration and Spatial Price Transmission in Niger Grain Markets","African Development Review-Revue Africaine De Developpement","10.1111/1467-8268.12080"
"46","MARKET SHOCKS IN SALMON AQUACULTURE: THE IMPACT OF THE CHILEAN DISEASE CRISIS","Journal of Agricultural and Applied Economics","10.1017/aae.2017.33"
"47","Negative impact on calorie intake associated with the 2006-08 food price crisis in Latin America","Food and Nutrition Bulletin",NA
"48","Nutritional resilience in Nepal following the earthquake of 2015","Plos One","10.1371/journal.pone.0205438"
"49","Potential socio-economic implications of future climate change and variability for Nigerien agriculture: A countrywide dynamic CGE-Microsimulation analysis","Economic Modelling","10.1016/j.econmod.2017.02.005"
"50","Rapidly rising food prices and the experience of food insecurity in urban Ethiopia: Impacts on health and well-being","Social Science & Medicine","10.1016/j.socscimed.2012.09.018"
"51","Regional Price Effects of Extreme Weather Events and Wheat Export Controls in Russia and Ukraine","Journal of Agricultural Economics","10.1111/1477-9552.12167"
"52","Reserves and trade jointly determine exposure to food supply shocks","Environmental Research Letters","10.1088/1748-9326/11/9/095009"
"53","Residential relocation and obesity after a natural disaster: A natural experiment from the 2011 Japan Earthquake and Tsunami","Scientific Reports","10.1038/s41598-018-36906-y"
"54","Rethinking the global food crisis: The role of trade shocks","Food Policy","10.1016/j.foodpol.2010.10.003"
"55","Rising Food Prices and Coping Strategies: Household-level Evidence from Afghanistan","Journal of Development Studies","10.1080/00220388.2011.635422"
"56","Shock transmission in the International Food Trade Network","Plos One","10.1371/journal.pone.0200639"
"57","Shocks to fish production: Identification, trends, and consequences","Global Environmental Change-Human and Policy Dimensions","10.1016/j.gloenvcha.2016.11.003"
"58","Sit down at the ball game: How trade barriers make the world less food secure","Food Policy","10.1016/j.foodpol.2012.09.002"
"59","Socioeconomic impacts of floods and droughts in the middle Zambezi river basin Case of Kanyemba","International Journal of Climate Change Strategies and Management","10.1108/IJCCSM-03-2013-0016"
"60","Supplier hoarding, government intervention, and timing for post-disaster crop supply chain recovery","Transportation Research Part e-Logistics and Transportation Review","10.1016/j.tre.2015.09.013"
"61","Sustaining livelihoods under a changing climate: the case of urban agriculture in Lusaka, Zambia","Journal of Environmental Planning and Management","10.1080/09640568.2011.637688"
"62","Teleconnected food supply shocks","Environmental Research Letters","10.1088/1748-9326/11/3/035007"
"63","Temperature Influences on Salmonella Infections across the Continental United States","Annals of the American Association of Geographers",NA
"64","The Distributional and Multi-Sectoral Impacts of Rainfall Shocks: Evidence From Computable General Equilibrium Modelling for the Awash Basin, Ethiopia","Ecological Economics","10.1016/j.ecolecon.2017.11.038"
"65","THE EFFECT OF SHOCKS: AN EMPIRICAL ANALYSIS OF ETHIOPIA","Interdisciplinary Description of Complex Systems","10.7906/indecs.13.3.9"
"66","The Effects of Hurricane Katrina on Food Access Disparities in New Orleans","American Journal of Public Health","10.2105/AJPH.2010.196659"
"67","The effects of network topology, climate variability and shocks on the evolution and resilience of a food trade network","Plos One","10.1371/journal.pone.0213378"
"68","The effects of weather, household assets, and safety-net programs on household food security in Ethiopia using rural household panel data","Regional Environmental Change","10.1007/s10113-014-0680-2"
"69","The ENSO Effect and Asymmetries in Wheat Price Dynamics","World Development","10.1016/j.worlddev.2017.03.031"
"70","The Global Food Crisis: Disaster, Opportunity or Non-event? Household Level Evidence from Cote d'Ivoire","World Development","10.1016/j.worlddev.2013.02.007"
"71","The impacts of climate variability on household welfare in rural Mexico","Population and Environment","10.1007/s11111-012-0167-3"
"72","The influence of weather conditions on dairy production","Agricultural Economics","10.1111/agec.12474"
"73","The resilience of long and short food chains: a case study of flooding in Queensland, Australia","Agriculture and Human Values","10.1007/s10460-015-9603-1"
"74","The role of storage dynamics in annual wheat prices","Environmental Research Letters","10.1088/1748-9326/aa678e"
"75","TOO LITTLE TOO LATE: WELFARE IMPACTS OF RAINFALL SHOCKS IN RURAL INDONESIA","Bulletin of Indonesian Economic Studies","10.1080/00074918.2012.728638"
"76","Understanding climate change impacts on water buffalo production through farmers' perceptions","Climate Risk Management","10.1016/j.crm.2018.03.003"
"77","Using panel data to estimate the effect of rainfall shocks on smallholders food security and vulnerability in rural Ethiopia","Climatic Change","10.1007/s10584-010-9994-3"
"78","Volatility in Cereal Prices: Intra- Versus Inter-annual Volatility","Journal of Agricultural Economics","10.1111/1477-9552.12073"
"79","Vulnerability to shocks in the global seafood trade network","Environmental Research Letters","10.1088/1748-9326/11/3/035008"
"80","Weather and international price shocks on food prices in the developing world","Global Environmental Change-Human and Policy Dimensions","10.1016/j.gloenvcha.2015.08.003"
"81","Weather extremes and household welfare in rural Kenya","Food Security","10.1007/s12571-016-0645-z"
"82","What Drives Local Food Prices? Evidence from the Tanzanian Maize Market","World Bank Economic Review","10.1093/wber/lhx008"
"83","Analyzing nutritional impacts of price and income related shocks in Malawi: Simulating household entitlements to food","Shauna","No"
"84","The distributional effect of a large rice price increase on welfare and poverty in Bangladesh","Shauna","No"
"85","The impact of food prices on the welfare of households in South Africa","Shauna","No"
"86","Poverty Effects of Food Price Escalation and Mitigation Options: The Case of Malaysia","Shauna","? (mentions ag sector so do we take that to include inputs/seed companies)"
"87","The relative profitability of dairy, sheep, beef and grain farm enterprises in southeast Australia under selected rainfall and price scenarios","Agricultural Systems","10.1016/j.agsy.2013.01.002"
"88","The impact of climate change on cropland productivity: evidence from satellite based products at the river basin scale in Africa","Climatic Change","10.1007/s10584-012-0604-4"
"89","Crop Yield Response to Climate Variables on Dryland versus Irrigated Lands","Canadian Journal of Agricultural Economics-Revue Canadienne d Agroeconomie","10.1111/cjag.12149"
"90","Climatic impacts across agricultural crop yield distributions: An application of quantile regression on rice crops in Andhra Pradesh, India","Ecological Economics","10.1016/j.ecolecon.2012.11.024"
"91","Climate characteristics and their relationship with soybean and maize yields in Argentina, Brazil and the United States","International Journal of Climatology","10.1002/joc.4439"
"92","Heterogeneous Climatic Impacts on Agricultural Production: Evidence from Rice Yield in Assam, India","Asian Journal of Agriculture and Development",NA
"93","Probabilistic estimates of drought impacts on agricultural production","Geophysical Research Letters","10.1002/2017GL073606"
"94","Climate trends account for stalled wheat yields in Australia since 1990","Global Change Biology","10.1111/gcb.13604"
"95","Frost trends and their estimated impact on yield in the Australian wheatbelt","Journal of Experimental Botany","10.1093/jxb/erv163"
"96","Diseases and Disorders Associated with Environmental Stress in Sustainable Olive Orchards in Australia","Xxviii International Horticultural Congress on Science and Horticulture for People (Ihc2010): Olive Trends Symposium - From the Olive Tree to Olive Oil: New Trends and Future Challenges",NA
"97","Effects of Climate Change on the Yield and Cropping Area of Major Food Crops: A Case of Bangladesh","Sustainability","10.3390/su7010898"
"98","ASSESSMENT OF CLIMATE CHANGE IMPACTS ON AMAN AND BORO RICE YIELDS IN BANGLADESH","Climate Change Economics","10.1142/S2010007816500081"
"99","Effect of Climatic Changes on the Incidence of Disease of Winter Pulses","Climate Change and Food Security in South Asia","10.1007/978-90-481-9516-9_23"
"100","How Does the Variability in Aus Rice Yield Respond to Climate Variables in Bangladesh?","Journal of Agronomy and Crop Science","10.1111/jac.12011"
"101","Modelling climate impacts on crop yields in Belgium","Climate Research","10.3354/cr00925"
"102","Impact of heat and drought stress on arable crop production in Belgium","Natural Hazards and Earth System Sciences","10.5194/nhess-12-1911-2012"
"103","Extreme rainfall indices and its impact on rice productivity-A case study over sub-humid climatic environment","Agricultural Water Management","10.1016/j.agwat.2011.04.003"
"104","Influence of climate variability and length of rainy season on crop yields in semiarid Botswana","Agricultural and Forest Meteorology","10.1016/j.agrformet.2017.09.016"
"105","Climate variability, yield instability and global recession: the multi-stressor to food security in Botswana","Climate and Development","10.1080/17565529.2012.728129"
"106","Assessing the Impacts of ENSO-related weather effects on the Brazilian Agriculture","International Conference on Applied Economics (Icoae) 2015","10.1016/S2212-5671(15)00635-8"
"107","Influence of Climate Factors on Rice Yields in Cambodia","Aims Geosciences","10.3934/geosci.2017.4.561"
"108","Impact of prolonged rainy seasons on food crop production in Cameroon","Mitigation and Adaptation Strategies for Global Change","10.1007/s11027-010-9241-2"
"109","Climate variability and maize production in Cameroon: Simulating the effects of extreme dry and wet years","Singapore Journal of Tropical Geography","10.1111/j.1467-9493.2008.00344.x"
"110","European anchovy (Engraulis encrasicolus) landings and environmental conditions on the Catalan Coast (NW Mediterranean) during 2000-2005","Hydrobiologia","10.1007/s10750-008-9482-1"
"111","Environmental causes of the fluctuations of red shrimp (Aristeus antennatus) landings in the Catalan Sea","Journal of Marine Systems","10.1016/j.jmarsys.2006.09.008"
"112","Sensitivity of crop cover to climate variability: Insights from two Indian agro-ecoregions","Journal of Environmental Management","10.1016/j.jenvman.2014.02.026"
"113","Sustainability and climate variability in low-input peasant maize systems in the central Mexican highlands","Agriculture Ecosystems & Environment","10.1016/j.agee.2013.09.022"
"114","The relationship between extreme weather events and crop losses in central Taiwan","Theoretical and Applied Climatology","10.1007/s00704-017-2261-z"
"115","Heterogeneous effects of warming and drought on selected wheat variety yields","Climatic Change","10.1007/s10584-014-1185-1"
"116","ENSO, climate variability and crop yields in China","Climate Research","10.3354/cr01194"
"117","Disasters of Flood and Waterloging Impact on Agriculture","Construction and Urban Planning, Pts 1-4","10.4028/www.scientific.net/AMR.671-674.2648"
"118","Spatio-temporal distributions of climate disasters and the response of wheat yields in China from 1983 to 2008","Natural Hazards","10.1007/s11069-014-1197-1"
"119","Impacts of climate change and climate extremes on major crops productivity in China at a global warming of 1.5 and 2.0 degrees C","Earth System Dynamics","10.5194/esd-9-543-2018"
"120","Assessing the Impacts of Extreme Agricultural Droughts in China Under Climate and Socioeconomic Changes","Earths Future","10.1002/2017EF000768"
"121","How ENSO affects maize yields in China: understanding the impact mechanisms using a process-based crop model","International Journal of Climatology","10.1002/joc.4360"
"122","Association between Empirically Estimated Monsoon Dynamics and Other Weather Factors and Historical Tea Yields in China: Results from a Yield Response Model","Climate","10.3390/cli4020020"
"123","Variability in crop yields associated with climate anomalies in China over the past three decades","Regional Environmental Change","10.1007/s10113-015-0920-0"
"124","The impact of weather variations on maize yields and household income: Income diversification as adaptation in rural China","Global Environmental Change-Human and Policy Dimensions","10.1016/j.gloenvcha.2016.12.006"
"125","The impacts of increased heat stress events on wheat yield under climate change in China","Climatic Change","10.1007/s10584-016-1866-z"
"126","Impact of Climate on Food Security in Mainland China: A New Perspective Based on Characteristics of Major Agricultural Natural Disasters and Grain Loss","Sustainability","10.3390/su11030869"
"127","Effects of climate variability and change on Chinese agriculture: a review","Climate Research","10.3354/cr01038"
"128","The regional impacts of climate change on coastal environments and the aquaculture of Japanese scallops in northeast Asia: case studies from Dalian, China, and Funka Bay, Japan","International Journal of Remote Sensing","10.1080/01431161.2014.916435"
"129","Spatio-temporal variations of the catch per unit effort in the coastal small-scale fishery of snapper Lutjanus synagris, of the Colombian Caribbean and their relationship with environmental variables","Revista De Biologia Marina y Oceanografia",NA
"130","Yield response to climate, management, and genotype: a large-scale observational analysis to identify climate-adaptive crop management practices in high-input maize systems","Environmental Research Letters","10.1088/1748-9326/aae7a8"
"131","Climate Variability and the US Corn Belt: ENSO and AO Episode-Dependent Hydroclimatic Feedbacks to Corn Production at Regional and Local Scales","Earth Interactions","10.1175/EI-D-14-0031.1"
"132","Socioeconomic valuation of the impact of climate variability on artisanal fisheries in Costa Rica","Uniciencia","10.15359/ru.32-1.2"
"133","Water balance, drought stress and yields for rainfed field crop rotations under present and future conditions in the Czech Republic","Climate Research","10.3354/cr01339"
"134","The impacts of key adverse weather events on the field-grown vegetable yield variability in the Czech Republic from 1961 to 2014","International Journal of Climatology","10.1002/joc.4807"
"135","Fish stock losses due to extreme floods - findings from pond-based aquaculture in the Czech Republic","Journal of Flood Risk Management","10.1111/jfr3.12332"
"136","Oyster mortality in Delaware Bay: Impacts and recovery from Hurricane Irene and Tropical Storm Lee","Estuarine Coastal and Shelf Science","10.1016/j.ecss.2013.10.011"
"137","The impact of climate change on the winegrape vineyards of the Portuguese Douro region","Climatic Change","10.1007/s10584-016-1719-9"
"138","On The Impact of Climate Change to Agricultural Productivity in East Java","2nd International Conference on Science (Icos)","10.1088/1742-6596/979/1/012092"
"139","Climate Change, High-Temperature Stress, Rice Productivity, and Water Use in Eastern China: A New Superensemble-Based Probabilistic Projection","Journal of Applied Meteorology and Climatology","10.1175/JAMC-D-12-0100.1"
"140","Climate variability and rainfed maize production in the eastern Ivory Coast","Hydrological Sciences Journal-Journal Des Sciences Hydrologiques","10.1080/02626667.2010.545247"
"141","Harmfulness of weather events and the adaptive capacity of farmers at high latitudes of Europe","Climate Research","10.3354/cr01378"
"142","Regional and global climate projections increase mid-century yield variability and crop productivity in Belgium","Regional Environmental Change","10.1007/s10113-015-0773-6"
"143","Key weather extremes affecting potato production in The Netherlands","European Journal of Agronomy","10.1016/j.eja.2011.09.002"
"144","Impact of meteorological drivers on regional inter-annual crop yield variability in France","Agricultural and Forest Meteorology","10.1016/j.agrformet.2015.10.004"
"145","Impacts of extreme weather on wheat and maize in France: evaluating regional crop simulations against observed data","Climatic Change","10.1007/s10584-011-0368-2"
"146","On the influence of environmental factors on harvest: the French Guiana shrimp fishery paradox","Environmental Economics and Policy Studies","10.1007/s10018-016-0153-6"
"147","Sensitivity of the agroecosystem in the Ganges basin to inter-annual rainfall variability and associated changes in land use","International Journal of Climatology","10.1002/joc.3894"
"148","How much did extreme weather events impact wheat yields in Germany? - A regionally differentiated analysis on the farm level","Agriculture and Climate Change - Adapting Crops to Increased Uncertainty (Agri 2015)","10.1016/j.proenv.2015.07.197"
"149","How do inputs and weather drive wheat yield volatility? The example of Germany","Food Policy","10.1016/j.foodpol.2017.05.001"
"150","Simulation of the effect of rainfall on farm-level cocoa yield using a delayed differential equation model","Scientia Horticulturae","10.1016/j.scienta.2019.04.016"
"151","The Nexus of Weather Extremes to Agriculture Production Indexes and the Future Risk in Ghana","Climate","10.3390/cli6040086"
"152","Climate effects on historic bluefin tuna captures in the Gibraltar Strait and Western Mediterranean","Journal of Marine Systems","10.1016/j.jmarsys.2016.02.002"
"153","Climate variation explains a third of global crop yield variability","Nature Communications","10.1038/ncomms6989"
"154","Influence of extreme weather disasters on global crop production","Nature","10.1038/nature16467"
"155","Vulnerabilities to agricultural production shocks: An extreme, plausible scenario for assessment of risk for the insurance sector","Climate Risk Management","10.1016/j.crm.2016.05.001"
"156","Interactions between temperature and drought in global and regional crop yield variability during 1961-2014","Plos One","10.1371/journal.pone.0178339"
"157","Understanding the weather signal in national crop-yield variability","Earths Future","10.1002/2016EF000525"
"158","Future warming increases probability of globally synchronized maize production shocks","Proceedings of the National Academy of Sciences of the United States of America","10.1073/pnas.1718031115"
"159","Global Patterns of Crop Production Losses Associated with Droughts from 1983 to 2009","Journal of Applied Meteorology and Climatology","10.1175/JAMC-D-18-0174.1"
"160","Synchronized failure of global crop production","Nature Ecology & Evolution","10.1038/s41559-019-0862-x"
"161","The effects of climate extremes on global agricultural yields","Environmental Research Letters","10.1088/1748-9326/ab154b"
"162","The El Nino impact on maize yields is amplified in lower income teleconnected countries","Environmental Research Letters","10.1088/1748-9326/ab0cd0"
"163","Evidence for a climate signal in trends of global crop yield variability over the past 50 years","Environmental Research Letters","10.1088/1748-9326/8/2/024001"
"164","Spatial heterogeneity stabilizes livestock productivity in a changing climate","Agriculture Ecosystems & Environment","10.1016/j.agee.2014.04.020"
"165","Agricultural losses related to frost events: use of the 850 hPa level temperature as an explanatory variable of the damage cost","Natural Hazards and Earth System Sciences","10.5194/nhess-14-2375-2014"
"166","Large-scale climatic effects on traditional Hawaiian fishpond aquaculture","Plos One","10.1371/journal.pone.0187951"
"167","Impact of chilling injury and global warming on rice yield in Heilongjiang Province","Journal of Geographical Sciences","10.1007/s11442-013-0995-9"
"168","Separating out the influence of climatic trend, fluctuations, and extreme events on crop yield: a case study in Hunan Province, China","Climate Dynamics","10.1007/s00382-017-3831-6"
"169","EFFECT OF DROUGHTY CLIMATIC CONDITIONS ON THE FORMATION OF QUALITY PARAMETERS OF WINTER WHEAT FLOUR","Cereal Research Communications",NA
"170","Effect of Climate Variability and Climate Change on Crop Production in Tropical Wet-and Dry Climate","Italian Journal of Agrometeorology-Rivista Italiana Di Agrometeorologia",NA
"171","El Nino influence on potential maize yield in Iberian Peninsula","International Journal of Climatology","10.1002/joc.4426"
"172","SENSITIVITY OF CORN AND SOYBEAN YIELD IN ILLINOIS TO AIR TEMPERATURE AND PRECIPITATION: THE POTENTIAL IMPACT OF FUTURE CLIMATE CHANGE","Physical Geography","10.2747/0272-3646.30.1.27"
"173","Climate Change and Livestock Production in India: Effects and Mitigation Strategies","Indian Journal of Economics and Development","10.5958/2322-0430.2016.00197.9"
"174","Crop diversification and resilience of agriculture to climatic shocks: Evidence from India","Agricultural Systems","10.1016/j.agsy.2019.03.005"
"175","Sensitivity of grain yields to historical climate variability in India","Environmental Research Letters","10.1088/1748-9326/ab22db"
"176","Environmental variations on swordfish (Xiphias gladius) catch rates in the Indian Ocean","Fisheries Research","10.1016/j.fishres.2014.08.010"
"177","El Nino Southern Oscillation (ENSO) impact on tuna fisheries in Indian Ocean","Springerplus","10.1186/2193-1801-3-591"
"178","The effect of temperature rise to rice crop yield in Indonesia uses Shierary Rice model with geographical information system (GIS) feature","2nd International Symposium on Lapan-Ipb Satellite (Lisat) for Food Security and Environmental Monitoring","10.1016/j.proenv.2016.03.072"
"179","Early heat waves over Italy and their impacts on durum wheat yields","Natural Hazards and Earth System Sciences","10.5194/nhess-15-1631-2015"
"180","Quality Matters More Than Quantity: Asymmetric Temperature Effects on Crop Yield and Quality Grade","American Journal of Agricultural Economics","10.1093/ajae/aaw036"
"181","Environmental Conditions Associated with Stripe Rust in Kansas Winter Wheat","Plant Disease","10.1094/PDIS-11-15-1321-RE"
"182","Weather extremes and plantation crops in the humid tropics","Mausam",NA
"183","Impacts of Climate Variability on Latin American Small-scale Fisheries","Ecology and Society","10.5751/ES-05971-180430"
"184","FACTORS AFFECTING WHEAT BREAD PRICES","Economic Science for Rural Development: Production and Cooperation in Agriculture / Finance and Taxes",NA
"185","Differential impacts of climate variability on yields of rainfed barley and legumes in semi-arid Mediterranean conditions","Archives of Agronomy and Soil Science","10.1080/03650340.2013.766322"
"186","Multispecies Fisheries in the Lower Amazon River and Its Relationship with the Regional and Global Climate Variability","Plos One","10.1371/journal.pone.0157050"
"187","Climatic Shock Characterization and Their Effects on Livestock Production in Rural Malawi","Journal of Animal and Veterinary Advances",NA
"188","Impact of climate change on food security in Malaysia: economic and policy adjustments for rice industry","Journal of Integrative Environmental Sciences","10.1080/1943815X.2015.1112292"
"189","Climate Variability and Socioeconomic Vulnerability of Aquaculture Farmers in Malaysia","Business and Economics Research (Icber 2011)",NA
"190","Climate change impacts on hard red spring wheat yield and production risk: evidence from Manitoba, Canada","Canadian Journal of Plant Science","10.1139/cjps-2017-0135"
"191","Assessing indicators of agricultural drought impacts on spring wheat yield and quality on the Canadian prairies","Agricultural and Forest Meteorology","10.1016/j.agrformet.2010.01.001"
"192","Effect of climate change and use of improved varieties on barley and canola yield in Manitoba","Canadian Journal of Plant Science","10.4141/CJPS-2014-221"
"193","Cropping frequency and area response to climate variability can exceed yield response","Nature Climate Change","10.1038/NCLIMATE2934"
"194","Gauging the impact of climate change on food crops production in Mauritius An econometric approach","International Journal of Climate Change Strategies and Management","10.1108/IJCCSM-12-2012-0079"
"195","Impact of NAO on Mediterranean Fisheries","Hydrological, Socioeconomic and Ecological Impacts of the North Atlantic Oscillation in the Mediterranean Region","10.1007/978-94-007-1372-7_7"
"196","Impact of climate change in Mediterranean aquaculture","Reviews in Aquaculture","10.1111/j.1753-5131.2012.01071.x"
"197","The impact of climate change on barley yield in the Mediterranean basin","European Journal of Agronomy","10.1016/j.eja.2019.03.002"
"198","The Impact of Weather Variability on Rice and Aquaculture Production in the Mekong Delta","Environmental Change and Agricultural Sustainability in the Mekong Delta","10.1007/978-94-007-0934-8_24"
"199","Vulnerability of specialty crops to short-term climatic variability and adaptation strategies in the Midwestern USA","Climatic Change","10.1007/s10584-017-2066-1"
"200","Estimation of the effects of climate variability on crop yield in the Midwest USA","Agricultural and Forest Meteorology","10.1016/j.agrformet.2015.10.001"
"201","Climate factors driving wine production in the Portuguese Minho region","Agricultural and Forest Meteorology","10.1016/j.agrformet.2013.11.003"
"202","Heat in the Heartland: Crop Yield and Coverage Response to Climate Change Along the Mississippi River","Environmental & Resource Economics","10.1007/s10640-018-0271-7"
"203","The relationship between Sardinella aurita landings and the environmental factors in Moroccan waters (21 degrees-26 degrees N)","Cybium","10.26028/cybium/2019-431-005"
"204","Climatic gradients along the windward slopes of Mount Kenya and their implication for crop risks. Part 2: crop sensitivity","International Journal of Climatology","10.1002/joc.4394"
"205","MAIZE RESPONSE TO YIELD AND YIELD TRAITS WITH DIFFERENT NITROGEN AND DENSITY UNDER CLIMATE VARIABILITY","Journal of Plant Nutrition","10.1080/01904167.2012.733050"
"206","Short-term cropland responses to temperature extreme events during late winter","Biogeosciences","10.5194/bg-10-5545-2013"
"207","Intensifying drought eliminates the expected benefits of elevated carbon dioxide for soybean","Nature Plants","10.1038/NPLANTS.2016.132"
"208","The yield of eggplant depending on climate conditions and mulching","Folia Horticulturae","10.1515/fhort-2016-0003"
"209","Crop Productivity in Changing Climate","Sustainable Agriculture Reviews 27","10.1007/978-3-319-75190-0_8"
"210","Understanding the Changes in Global Crop Yields Through Changes in Climate and Technology","Earths Future","10.1002/2017EF000690"
"211","Acute High Temperature Response in Wheat","Agronomy Journal","10.2134/agronj2017.07.0392"
"212","Climate change impacts on rice (Oryza sativa) productivity and strategies for its sustainable management","Indian Journal of Agricultural Sciences",NA
"213","The association of crop production and precipitation; a comparison of two methodologies","Arid Land Research and Management","10.1080/15324982.2018.1531323"
"214","Simulating impact of climatic variability and extreme climatic events on crop production","Mausam",NA
"215","The influence of weather extremes on the spatial correlation of corn yields","Climatic Change","10.1007/s10584-015-1538-4"
"216","Heat-related mortality in dairy cattle A case crossover study","Preventive Veterinary Medicine","10.1016/j.prevetmed.2010.09.004"
"217","Sensitivity analyses of crop yields and changes in climate variables simulated with iGAEZ","Hydrological Processes","10.1002/hyp.9342"
"218","EFFECT OF CLIMATE CHANGE FACTORS ON PROCESSES OF CROP GROWTH AND DEVELOPMENT AND YIELD OF GROUNDNUT (ARACHIS HYPOGAEA L.)","Advances in Agronomy, Vol 116","10.1016/B978-0-12-394277-7.00002-6"
"219","Modelling the impacts of weather and climate variability on crop productivity over a large area: A new process-based model development, optimization, and uncertainties analysis","Agricultural and Forest Meteorology","10.1016/j.agrformet.2008.11.004"
"220","Modelling the impacts of weather and climate variability on crop productivity over a large area: A new super-ensemble-based probabilistic projection","Agricultural and Forest Meteorology","10.1016/j.agrformet.2009.02.015"
"221","Impact of derived global weather data on simulated crop yields","Global Change Biology","10.1111/gcb.12302"
"222","A Neural Network approach for Disease Forecasting in Grapes using Weather Parameters","2013 Fourth International Conference on Computing, Communications and Networking Technologies (Icccnt)",NA
"223","Extreme Weather and influences on Plant Pests: Extreme Knowledge Gap","Gesunde Pflanzen","10.1007/s10343-014-0319-8"
"224","Weather Fronts and Postharvest Decays and Safety of Field-Grown Tomatoes","Iv International Symposium on Tomato Diseases",NA
"225","Lettuce (Lactuca sativa L.) yield prediction under water stress using artificial neural network (ANN) model and vegetation indices","Zemdirbyste-Agriculture",NA
"226","The Effects of Changing Climate and Market Conditions on Crop Yield and Acreage Allocation in Nepal","Climate","10.3390/cli6020032"
"227","Assessing local and regional economic impacts of climatic extremes and feasibility of adaptation measures in Dutch arable farming systems","Agricultural Systems","10.1016/j.agsy.2017.06.013"
"228","Measuring the effects of extreme weather events on yields","Weather and Climate Extremes","10.1016/j.wace.2016.02.003"
"229","Effects of climate trends and variability on wheat yield variability in eastern Australia","Climate Research","10.3354/cr01307"
"230","Performance of agro-climate indices and wheat grain yield in a changing climate","Climate Research","10.3354/cr01400"
"231","Effects of high-temperature episodes on wheat yields in New South Wales, Australia","Agricultural and Forest Meteorology","10.1016/j.agrformet.2015.03.018"
"232","CLIMATE IMPACTS ON WHEAT PHENOLOGY AND PRODUCTION USING MUTI-SOURCE DATA IN NSW, AUSTRALIA","2016 Ieee International Geoscience and Remote Sensing Symposium (Igarss)","10.1109/IGARSS.2016.7730646"
"233","Between Climate Reliance and Climate Resilience: Empirical Analysis of Climate Variability and Impact on Nigerian Agricultural Production","Climate Change Adaptation in Africa: Fostering Resilience and Capacity to Adapt","10.1007/978-3-319-49520-0_2"
"234","Effects of changing climate and cultivar on the phenology and yield of winter wheat in the North China Plain","International Journal of Biometeorology","10.1007/s00484-015-1002-1"
"235","Relationships between drought disasters and crop production during ENSO episodes across the North China Plain","Regional Environmental Change","10.1007/s10113-014-0723-8"
"236","Modeling the response of wheat and maize productivity to climate variability and irrigation in the North China Plain","18th World Imacs Congress and Modsim09 International Congress on Modelling and Simulation",NA
"237","Contribution of cultivar, fertilizer and weather to yield variation of winter wheat over three decades: A case study in the North China Plain","European Journal of Agronomy","10.1016/j.eja.2013.05.005"
"238","Relationship between ocean climatic variability and rain-fed agriculture in northeast Brazil","Climate Research","10.3354/cr00786"
"239","Climate effects on crop yields in the Northeast Farming Region of China during 1961-2010","Journal of Agricultural Science","10.1017/S0021859616000149"
"240","Quantifying extreme climatic conditions for maize production using RZWQM in Siping, Northeast China","International Journal of Agricultural and Biological Engineering","10.25165/j.ijabe.20191202.3388"
"241","Association between climate indices, aridity index, and rainfed crop yield in northeast of Iran","Field Crops Research","10.1016/j.fcr.2010.04.011"
"242","Effects of precipitation and temperature on crop production variability in northeast Iran","International Journal of Biometeorology","10.1007/s00484-010-0348-7"
"243","Mitigation of climate change impacts on maize productivity in northeast of Iran: a simulation study","Mitigation and Adaptation Strategies for Global Change","10.1007/s11027-011-9305-y"
"244","Spatio-temporal associations of albacore CPUEs in the Northeastern Pacific with regional SST and climate environmental variables","Ices Journal of Marine Science","10.1093/icesjms/fst238"
"245","The association of weather variables with rice production and simulation of agro-adaptation measure for northeast Thailand: evidence from panel data model","International Journal of Global Warming",NA
"246","Identifying the impact of multi-hazards on crop yield-A case for heat stress and dry stress on winter wheat yield in northern China","European Journal of Agronomy","10.1016/j.eja.2015.10.009"
"247","Effect of snow disasters on livestock farming in some rangeland regions of China and mitigation strategies a review","Rangeland Journal","10.1071/RJ11052"
"248","The challenges and opportunities for wheat production under future climate in Northern Ethiopia","Journal of Agricultural Science","10.1017/S0021859616000460"
"249","Lessons from the past in weather variability: sowing to ripening dynamics and yield penalties for northern agriculture from 1970 to 2012","Regional Environmental Change","10.1007/s10113-014-0594-z"
"250","Responses of fish production to fishing and climate variability in the northern South China Sea","Progress in Oceanography","10.1016/j.pocean.2010.02.011"
"251","Impact of climate variability on staple food crops production in Northern Togo","Journal of Agriculture and Environment for International Development","10.12895/jaeid.20182.778"
"252","Characterization of Inter-seasonal Climatic Variability through Dry-season Rice productivity in the North-west Region of Bangladesh","Italian Journal of Agrometeorology-Rivista Italiana Di Agrometeorologia","10.19199/2017.1.2038-5625.005"
"253","Correlation changes between rice yields in North and Northwest China and ENSO from 1960 to 2004","Agricultural and Forest Meteorology","10.1016/j.agrformet.2008.01.018"
"254","Mycotoxin contamination of cereal grain commodities in relation to climate in North West Europe","Food Additives and Contaminants Part a-Chemistry Analysis Control Exposure & Risk Assessment","10.1080/19440049.2012.689996"
"255","Examination of the Climate Factors That Reduced Wheat Yield in Northwest India during the 2000s","Water","10.3390/w11020343"
"256","Simulating the effect of the North Atlantic Oscillation on frost injury in winter wheat","Climate Research","10.3354/cr01097"
"257","Climate modulation of fish populations: the role of the Western Mediterranean Oscillation (WeMO) in sardine (Sardina pilchardus) and anchovy (Engraulis encrasicolus) production in the north-western Mediterranean","Climatic Change","10.1007/s10584-011-0091-z"
"258","Soya bean yield variability in the Argentine Pampas in relation to synoptic weather types: monitoring implications","Meteorological Applications","10.1002/met.148"
"259","Single and double crop systems in the Argentine Pampas: Environmental determinants of annual grain yield","Field Crops Research","10.1016/j.fcr.2015.03.008"
"260","Climate variability and the Peruvian scallop fishery: the role of formal institutions in resilience building","Climatic Change","10.1007/s10584-009-9545-y"
"261","Effects of fishing, market price, and climate on two South American clam species","Marine Ecology Progress Series","10.3354/meps10016"
"262","Impacts of Typhoon Haiyan on Philippine capture fisheries and implications to fisheries management","Ocean & Coastal Management","10.1016/j.ocecoaman.2018.03.032"
"263","Using GIS to map impacts upon agriculture from extreme floods in Vietnam","Applied Geography","10.1016/j.apgeog.2013.03.014"
"264","An analysis of the impacts of long-term climate variability on the commercial barramundi (Lates calcarifer) fishery of north-east Queensland, Australia","Fisheries Research","10.1016/j.fishres.2009.05.001"
"265","Assessing impact of seasonal rainfall on rice crop yield of Rajasthan, India using Association Rule Mining","2016 International Conference on Advances in Computing, Communications and Informatics (Icacci)",NA
"266","The sugar beet in climate change - An empirical-statistical analysis of the effects of weather and climate on the development of earnings in selected regions of Rheinland-Pfalz, Germany","Sugar Industry-Zuckerindustrie",NA
"267","Modelling the effects of climate variability on spring wheat productivity in the steppe zone of Russia and Kazakhstan","Ecological Modelling","10.1016/j.ecolmodel.2014.01.014"
"268","The Analysis of the Climate Factors Affecting the Rice Yield in Sangzhi County","Innovative Theories and Methods for Risk Analysis and Crisis Response",NA
"269","The impact of El Nino Southern Oscillation phases on off-season maize yield for a subtropical region of Brazil","International Journal of Climatology","10.1002/joc.1951"
"270","Influence of seasonal weather and climate variability on crop yields in Scotland","International Journal of Biometeorology","10.1007/s00484-012-0588-9"
"271","Dairy cattle in a temperate climate: the effects of weather on milk yield and composition depend on management","Animal","10.1017/S1751731114002456"
"272","Effect of environmental conditions on the seasonal and inter-annual variability of small pelagic fish abundance off North-West Africa: The case of both Senegalese sardinella","Fisheries Oceanography","10.1111/fog.12218"
"273","Extreme Weather Impacts on Maize Yield: The Case of Shanxi Province in China","Sustainability","10.3390/su9010041"
"274","Application of remote sensing and GIS for assessing economic loss caused by frost damage to tea plantations","Precision Agriculture","10.1007/s11119-013-9318-5"
"275","Climate extremes: an observation and projection of its impacts on food production in ASEAN","Natural Hazards","10.1007/s11069-015-2081-3"
"276","Effects of changes in climatic variability on agricultural production","Climate Research","10.3354/cr00868"
"277","The effects of projected climate and climate extremes on a winter and summer crop in the southeast","Agricultural and Forest Meteorology","10.1016/j.agrformet.2017.09.007"
"278","Climate variability and fisheries in the southeastern Pacific","Latin American Journal of Aquatic Research","10.3856/vol40-issue3-fulltext-18"
"279","Climatic effect on milk production of Camosciata goats reared in Calabria","Large Animal Review",NA
"280","Rainfall shocks, resilience, and the effects of crop biodiversity on agroecosystem productivity","Land Economics",NA
"281","Modelling the impact of climate variability and irrigation on winter canola yield and yield gap in Southwest China","21st International Congress on Modelling and Simulation (Modsim2015)",NA
"282","Climate change, weather variability and corn yield at a higher latitude locale: Southwestern Quebec","Climatic Change","10.1007/s10584-008-9408-y"
"283","Climate change and vunerability of fish farmers in Southwestern Nigeria","African Journal of Agricultural Research",NA
"284","Climate Change Impacts on Maize-yield Potential in the Southwestern United States","Agriculture and Climate Change - Adapting Crops to Increased Uncertainty (Agri 2015)","10.1016/j.proenv.2015.07.210"
"285","Very long winter dry spells in the Mediterranean basin: spatio-temporal variability and impact on cereal production in Spain","Cybergeo-European Journal of Geography","10.4000/cybergeo.29156"
"286","The impact of changing climate on perennial crops: the case of tea production in Sri Lanka","Climatic Change","10.1007/s10584-016-1882-z"
"287","Impact of extreme weather events on coconut productivity in three climatic zones of Sri Lanka","European Journal of Agronomy","10.1016/j.eja.2018.03.001"
"288","Analysis of climate signals in the crop yield record of sub-Saharan Africa","Global Change Biology","10.1111/gcb.13901"
"289","Monitoring and Assessment of Drought Focused on Its Impact on Sorghum Yield over Sudan by Using Meteorological Drought Indices for the Period 2001-2011","Remote Sensing","10.3390/rs10081231"
"290","Climate variability and crop production in Tanzania","Agricultural and Forest Meteorology","10.1016/j.agrformet.2010.12.002"
"291","El Nino Southern Oscillation Effects on Dryland Crop Production in the Texas High Plains","Agronomy Journal","10.2134/agronj2015.0403"
"292","Effect of climate warming on maize production in Timor-Leste: interaction with nitrogen supply","Crop & Pasture Science","10.1071/CP15078"
"293","Effect of Climatic and Non-Climatic Factors on Cassava Yields in Togo: Agricultural Policy Implications","Climate","10.3390/cli5020028"
"294","Long-Run Versus Short-Run Analysis of Climate Change Impacts on Agricultural Crops","Environmental Modeling & Assessment","10.1007/s10666-014-9432-4"
"295","Impact of Climate Change on Date Production in Tunisia","Environmental Modeling & Assessment","10.1007/s10666-018-9604-8"
"296","Impacts of climate change on cereal farming in Tunisia: a panel ARDL-PMG approach","Environmental Science and Pollution Research","10.1007/s11356-019-04867-y"
"297","Direct and indirect effects of climate on agriculture: an application of a spatial panel data analysis to Tunisia","Climatic Change","10.1007/s10584-015-1458-3"
"298","Impacts of Climate Change on Agriculture Sector in Turkey","Eskisehir Osmangazi Universitesi Iibf Dergisi-Eskisehir Osmangazi University Journal of Economics and Administrative Sciences",NA
"299","Do we need more drought for better nutrition? The effect of precipitation on nutrient concentration in East African food crops","Science of the Total Environment","10.1016/j.scitotenv.2018.12.181"
"300","Impacts of changing climate and agronomic factors on fusarium ear blight of wheat in the UK","Fungal Ecology","10.1016/j.funeco.2011.03.003"
"301","Monitoring Droughts and Impacts on Crop Yield in Ukraine from Weather and Satellite Data","Use of Satellite and in-Situ Data to Improve Sustainability","10.1007/978-90-481-9618-0_1"
"302","Regional analysis of climate variability at three time scales and its effect on rainfed maize production in the Upper Lerma River Basin, Mexico","Agriculture Ecosystems & Environment","10.1016/j.agee.2016.03.041"
"303","Measuring the initial economic effects of hurricanes on commercial fish production: the US Gulf of Mexico grouper (Serranidae) fishery","Natural Hazards","10.1007/s11069-012-0476-y"
"304","The impact of climate extremes and irrigation on US crop yields","Environmental Research Letters","10.1088/1748-9326/10/5/054013"
"305","The Role of Climate Covariability on Crop Yields in the Conterminous United States","Scientific Reports","10.1038/srep33160"
"306","Characterizing agricultural impacts of recent large-scale US droughts and changing technology and management","Agricultural Systems","10.1016/j.agsy.2017.07.012"
"307","The effect of El Nio Southern Oscillation on US corn production and downside risk","Climatic Change","10.1007/s10584-013-0918-x"
"308","Climate-induced reduction in US-wide soybean yields underpinned by region- and in-season-specific responses","Nature Plants","10.1038/NPLANTS.2014.26"
"309","Climate variability in areas of the world with high production of soya beans and corn: its relationship to crop yields","Meteorological Applications","10.1002/met.270"
"310","Dependency of Crop Production between Global Breadbaskets: A Copula Approach for the Assessment of Global and Regional Risk Pools","Risk Analysis","10.1111/risa.12761"
"311","Impacts of temperature and precipitation variability intheNorthern Plains of the United States and Canada ontheproductivity of spring barley and oat","International Journal of Climatology","10.1002/joc.3877"
"312","Recent Weather Extremes and Impacts on Agricultural Production and Vector-Borne Disease Outbreak Patterns","Plos One","10.1371/journal.pone.0092538"
"313","A study on impact of climate change on rice production in Faizabad district of Uttar Pradesh","Mausam",NA
"314","Assessment of climate change impact on pulse, oilseed and vegetable crops at Varanasi, India","Journal of Agrometeorology",NA
"315","Estimation of damage to agriculture biomass due to Hudhud cyclone and carbon stock assessment in cyclone affected areas using Landsat-8","Geocarto International","10.1080/10106049.2016.1161079"
"316","Climate variability impacts on rainfed cereal yields in west and northwest Iran","International Journal of Biometeorology","10.1007/s00484-017-1336-y"
"317","Study on maize production under changed climatic scenarios in western Himalaya of India","Mausam",NA
"318","Changes in rainfed and irrigated crop yield response to climate in the western US","Environmental Research Letters","10.1088/1748-9326/aac4b1"
"319","Assessment of rice yield loss due to torrential rain: a case study of Yuhang County, Zhejiang Province, China","Natural Hazards","10.1007/s11069-011-0013-4"
"320","Regional droughts and food security relationships in the Zambezi River Basin","Physics and Chemistry of the Earth","10.1016/j.pce.2011.08.003"
"321","Impact of heat stress on health and performance of dairy animals: A review","Veterinary World","10.14202/vetworld.2016.260-268"
"322","Global warming: Impact, adaptation and amelioration strategies for bovine under tropical climatic conditions","Indian Journal of Animal Sciences",NA
"323","Simulating the impact of extreme heat and frost events on wheat crop production: A review","Field Crops Research","10.1016/j.fcr.2014.11.010"
"324","ENSO classification indices and summer crop yields in the Southeastern USA","Agricultural and Forest Meteorology","10.1016/j.agrformet.2011.01.017"
"325","Effects of climate variability and climate change on crop production in southern Mali","European Journal of Agronomy","10.1016/j.eja.2013.04.004"
